학원명,ID,코드
더올라학원,theola,6E8377
프라임에듀학원,primeedu,B538E6
스카이코칭,skycoach,38DE88
수학의힘 마포캠퍼스,love4u001,F516BA
더블랙에듀학원,blackedu,C112B1
베리타스 수학학원,mveritas,61C029
도당비젼스터디,dodangvision,8.14E+100
대산학원,dspresident,A0EB72
옥동명인학원,maru0609,E5C084
클로버수학과학교육학원,biolog99,BBDB15
외솔학원(지도비정산),oesol21,4B01D7
아일린영어교습소,qkrgmltjd,2525B8
봉스에듀,bongsedu,E9E9D8
강호국어학원,unijd7475,E10031
메타학원,1004ysr,B4E18F
제니학원,limerance,DEFF68
지온에듀(가입원 맞는지 확인 필요),zionacademy,F8E7E0
공부명인,gongbumaster,372297
링컨더글라스 어학원,lincoln,CC6E23
이투스247부산교대점 학원,gottober,59556A
표현어학원&러닝센터,topplus7942,E4CAC1
파머스영어수학전문학원,ijh1981,979FD5
부평페르마학원,hb3301,7C6A65
아이비와이교육(주),seohs234,39C53F
나주혁신위즈수학영어학원,wizacademy,8E25BA
아름다운우리학원,WOORIACA,A0F539
수학하는사람들,peter117,F90D92
아비투스,abtoos,46145
DMW 국어&입시상담(수인국어),smk1735,211A46
임귀선수학학원,wooadon3172,49DAB4
생각하는수학논술학원 부설입시센터,gjlhj4642,30E6C3
에스제이수학전문학원,cride74,6D4021
밥(BAB)학원,babuki78,CE82A8
온니윤스터디학원,onlyyoon,7DD7F3
박진희개인과외교습소,greenstudy,EA326C
바론학원,baron19,62F265
임선생국어&논술학원,wkorea22,9BE5B3
엔씨스카이학원,nc0237,30EDB3
공부가 필요한 순간 학원,drdung,60B21A
공부의힘학원,powerstudy,4D871D
임수학전문학원,limmath,0DFE02
공부의철인 송도,study072,624326
공부의철인학원,ironman,2.74E+96
필탑학원 처인점,piltop,ED78DB
대성학원,sevenbr,27A015
백은숙영어전문학원,iamfree78,DA6233
교연스카이학원,kyoyonsky,E1E7E2
능력학원,chulki0825,9C95C6
느낌영어수학전문학원,koreasharon,9.56E+41
가온영어학원,gaon0433,D88B18
오미크론학원,omikron,C4B431
이룸수학학원,coolmercy,82F49C
혜람학원,hyeramadm,0EB0DE
SM100학원,sm100sm100,CC6DE3
A+수리수학원,gigagate,CBB752
유투엠 전북,anstn40000,4B7DA2
더자람수학,thejaram,30D005
첨단국과사전문학원,history,572E2B
명성수학원,su7105,24A3A3
변영진수학전문,mghopper,6B708D
J's수학영어학원,jeongsam,E03A72
YMS입시전문학원,yms0217,9C5F9A
어수모국어논술학원,mulgogi7066,78CA9F
우리학원,weacademy,0B0DBC
스테듀입시학원,stedu1,1D630A
잉글리쉬101&원수학학원,chriskim,BD6D2D
필탑학원 기흥점,98kurt,2B7AC4
권현수 수학전문학원,khsmei,BA41D8
정학원,jungaca,335C92
큰숲학원,eduhunter1004,ADBD6M
상승영어교습소,possible8209,558654
유쾌한 과학,icarous1,037DCA
영독포스학원,yongdokforce,BCDDA0
올댓스터디학원,atstudy,D2BE9D
베스트교육,bestedu,8AF0D4
어필수학영어전문학원,juappeal,6D17D9
검단바움학원,geomdanbaum,B094D2
폴라리스&파로스,polaris,851A92
그루터기 국어학원,erin1007,7C226F
러너스어학원,lucyksy,930BFB
박찬익수학전문학원,sohochan,E21AB2
하이탑과학학원,yeonhee929,AD3F65
이움학원,iumstudy,1B4F60
f(x)수학전문학원,maths1,87D22E
JBM영어학원,dbswls0987,0E36B4
가디언어학원,guardian1000,4FE7E2
스카이케미학원,hyang1125,DE413B
북스타트학원,dyyun98,FE8B9B
힘수학,himmath0216,B72F5D
대치코어컨설팅,jeejon1,1AB1C7
결정적코치,numberwang,49F416
김수종,sjk888,62062
팩토수학교실,bluei075,66627A
생각키움,boo2080,AC0DD9
연세길학원,tommy7,E856F3
리드인(수원),honorbook,F9823E
마인드셋,jinxi77,46C185
푸르넷 프라임학원,gugebagi,593EEA
리드인(경북예천),gilbutwow,211031
리드인(충북음성),smshj1223,338B50
백년대계입시학원,eunhuiju997,212E4C
BH입시연구소,BH_partner,24581D
리드인(의순초),kmypooh,49AE2F
최강뮤엠 / 최강학원,aviation98,AAF628
SBS아카데미뷰티스쿨,optus994,647795
디오션영수학원,blueneo98,3EF66D
제3분석수학,jesammath,44D72C
셜리입시센터,snowgirl2677,0D59ED
강도윤수학컨설팅학원,kangdy3381,13750F
책과 사람 교육원 (세특센터),nbc131,5991AC
하이엔드학원,mnyhighend,903A19
에이사이드 입시센터,highhaba,5E40D2
리드인(청담),mika1230,92362D
레벨업 입시센터,lowant,1A708C
리드인(강남영),mika1230,92362D
위스터디학원,westudy,8AFE58
스카이서울학원,najandida,8A2FC2
메타N논술 세특센터,metan2023,609062
에이블수학학원,s2hyuon,E678A1
YBM영어교육학원,ybm1025,853613
공감학원,interpol97,5D1822
에듀스텔라과학전문학원,edustella,5794D2
알파영어국어학원,alphastudy,03F92C
구름국어학원,gureum2023,E5155C
아이작 입시 센터,Polaris,4D49DA
유투엠광교학원,blazexdj,85D09A
토나아카데미학원,tona2023,0223A6
공부의철인인후,jj7875,848CC6
세종베이교육컨설팅,baecons,FC9EF0
에듀케레영수학원,blomet84,09FFDA
생각하는수학 입시센터,thinkingmath,F38888
파트너학원,partneredu7535,D2754B
계명의숙 학원,eli4183,
개별지도분당필영어수학학원,2580wys,082CE9
정관강한수학(1등급을만드는수학),haksmath,6A5F47
방문선 원장님(개인),starmaker,96D96D
한빛수학학원,gksqlcdl,19F334
탑입시컨설팅 & 세특센터,yraekim7,DB77FE
범어다빈치스쿨,davinci,C3F1C4
킹콩수학 세특 입시센터,kingkong,BB4859
마틴에듀(일취월장 목동점),ma2023,CEFAD5
일취월장 운정점,ej4024,D9EDCF
패스파인더 세특센터,pathfinder,1A87D0
천개의바람영수학원,exitsosiji,D2CEFB
웨일즈어학원,mentor1002,204B03
심스학원,simsmeta,B466AA
하이퍼루트학원(폴리아팩토),ju2799,7.97E+05
명품학원,mnih74,02596E
남천위스트학원,yuni7859,5E681A
최강수학과학학원,beyssam,CD04F3
정상어학원 & 페르마수학(하남페르마),jlsfermat,3.96E+60
이레학원,parkkakha,FB81BF
이네이블영어학원,enable,E4E968
영N탑아카데미,yntop2015,DB6888
K국어논술전문학원,happykty1,A8A0E4
오늘도신이나학원,shinina111,EBA4AE
탑국어탑수학,topmentor,03670A
윤스학원,yyysa318,D8B76C
TMS수학과학학원,tms300,AAF057
연세스터디클리닉,yonsei,979C31
예주학원,yaeju11,E10A2D
GPS수학영어,gpsstudy,2C0952
김쌤수학교습소,kimssam,837472
리더스학원,create69,4079D8
팩토사이언스,tankyun,773A53
강원희국어학원 입시전략연구소,hercyna100,7DF21A
석영학원,redlove27,F19D03
토프러스,e2p2toplus,54B8C0
가우스 학원,bogus112800,206ABD
인서울영어학원,kjm865,E12DC1
대두수학 세특컨설팅,sdmath,854CF2
더 국어전문학원,47947597,D536AE
엠베스트이공학원 입시센터,mbest20,D5E215
짱여사학원,jjangyeosa,16D15A
일등학원 학생부 관리센터,asteroid326,906580
이룸학원,iroomstudy,0FCB46
그로잉(Growing)어학원,growingenglish,2A6E0B
혜윰독서논술,astro301,10DA0E
아트픽,artpick,EFAA60
퍼스트입시연구소(서울대대치수학),awoong777,8C62AF
다빈치창의영재센터,kaeyn48,15766E
전재성어학원,jjs2024,1DFA93
지음국어논술&입시센터,loveizoa,18579B
한수위중국어일본어학원,HANSUYU930,BCDD84
빨강입시종합학원,sigsig1004,1AFC7B
파라수학 입시센터,parahmaths,27F846
원효에듀플렉스,epx_wonhyo,5FE95A
GGEC학원,ggecggec,87940A
청석학원,magicbox84,5EF865
ICE고대수학과학학원,heemang2001,C03942
다산참수학영어학원,junoh88,9E5310
PMS영재센터학원,pmscenter,AC9C0E
멘토링학원,mentoring0569,8F33A9
케이에스아이학생부관리,ksi9150979,23EA58
마이엠 에듀케이션,choiyeon83,EF1E86
사점영스터디,40study,BEC759
로제타스톤영어학원 용운점,izzisu,75812B
연세EK학원,int710428,A7014A
리아국어입시컨설팅,riaedu,B21D85
REDEDU 생기부 전담팀,martinkim89,1A53CB
명문입신영어,zlapwkd7,D28E24
스터디짐입시컨설팅,kmeipst,D76AF5
와이티어학원 학생부관리전문관,yt0579,027A34
S.S.A.M수학,angelb48,876BB9
씨에이엔영어학원,can3eng,5F31C2
클래스502,roar4444,D9DA2F
윈교육연구소,celyn3080,3BD8E8
수(秀)학원,mjkorean,15CA85
리드인반월독서중심국어학원,readin,C381F5
더원실험과학수학학원,theone,DFBC8C
명칭준비중,keyhani,F44E7D
쭌에듀학원,sl10109,44549B
꿈을이루는자들의비젼학원,ivyohj,3EEA84
도담학원,minimir,28CBC2
Class J / 정선생수학교실,jungt2357,4128D4
최상위수학,toplevelmath,667097
서울대인학원,albatross,B9BA28
자기주도 수학학원,sdmath88,D58E36
MS수학과학학원,yhj2155,468E4C
윤수학영어학원(윤슬교육),jesysh,BE02E3
유니크수학과학학원,unique,B41F5F
오리날다학원,skyduck1981,E3D7FA
김민경국어학원,kmkssam2014,42B193
멀티영어대표학원,kyunga1119,19A298
티앤씨학원 세특관리연구소,tncedu,ACBAA4
수학의눈,matheye,4E7D82
엠베스트구로,miaoeye,8124A9
리더스학원,sebi1201,2A43E8
쑥쑥학습코칭센터,the2000,E92A73
유니멘토즈,ptmmain,838F99
명성학원,msa3533,705C14
백년대계입시학원,edu100,8C95FF
에스더외국어학원,Estheracademy,130226
조슈아영어학원,joshua,A65352
동부청암학원,chungamedu,1D982E
YEP영어학원,yep1605,E90195
HYR진로상담센터,hyr3157,F2D665
멘토주쌤수학클리닉파크,jussaem,F8690D
스파클링개념수학학원,spk123,CC09F8
이코수학,ecozzang7,A223D3
아샘수학(독재자 학원),realksa,EF21DA
에스엘프라임학원,slpac9974,40CA43
이른비스터디,gold8106,70D4C4
제이에스정샘학원,nasuni90,D0F109
리솜에듀,lissomedu,A7E368
사하전성학원,junsung8800,7F8B00
비엠에스학원 세특연구소,shippill,1CF5DA
트리니티영어,ejsihn,0A0083
힐탑학원,hilltop0601,001C35
EM 입시 전문학원,souses,3556D6
홍수학영어학원,ryder01103,841032
옥쌤수학과학학원,dhrttoa,FBD212
신강수학학원,stomeyes,D9071E
상계웰라영어교습소,gardenpoetry,5C34BA
아론에듀학원,AARONEDU,E9EAE6
파머스어학원 세특 전문 관리센터,chpamus,AB1005
아이비티어학원,hera798,E44E80
라온수학학원,raonmath,B3EB51
다올105,kedric86,979948
유윌학원입시센터,dmsgml653,253EAF
KnK영어전문학원,karlssam,83EC20
다이나믹학원,dynamic,D8DD23
아이비티(ITB)일등영수학원,ibt2284,A63DF4
YEA매직영어학원,yeamagic,63B356
토킹클럽내신영어학원,howoo9899,4CD436
레츠아트미술학원,ksuz0710,408F37
에듀코치개별지도하남미사학원,epxhm3383,D8A7A7
혼공기적학원,hongong,0980B8
세원수학과학,sewon50,7E2E75
대치리더스수학,mathwithu,6E7BA8
자유자재학원,lhpspc,F58C93
지인학원,chungtlc,1007DB
아이오 영어학원,irun8591,FA171C
PMP영어학원,pmp100,CF454A
너잘없교육(예정),jy9467,CC950F
the grit english 내신 & 입시연구소,msm104,A39078
케이맥스,kmecsbaegot,E96174
아이와이잉글리시,iyenglish,B02BB6
이솜수학교습소,isommath,F6B4EE
지음스터디,chi2230,2049D8
가자교육컨설팅,alswo0932,F85A53
나무국어,hahaha9200,C5DC6E
라딕스어학원,palatine2144,64BA6E
더숲국어전문학원,thesoop,769A87
지화학원,maros486,16AD2F
너빛영어학원,nerbitE,86EEE3
로지플수학학원,lgp0405,290519
다솔국어학원,shooroop,076CB3
더 잉글리쉬 바이 욱 영어교습소,whms13,12CCF4
위투지학원,chin1079,957A9F
리드인국어논술학원,wilsoo,289A1A
봄온수학학원,jump0220,5AD193
탑고려 보습학원,topkorea,C34D53
청음국어학원,banya192,E430DB
QED수학학원,chaeseon22,FE4220
다이브인투 지수어학원,Diveinto,1439ED
해밀카이젠학원,kaigen6,3F3CD6
채움학원,chaeum0717,WRN092
이샘수학(꿈의발걸음),iseult,HYEFNM
최용훈국어에이펙스학원,hll9749,FHNMRN
멘토학원,lhw9406,6C7BF6
비오비학원,jhlee2540,0D75F6
연주수학,lakhm9988,WURIJC
인투4% / 인투독학관,ihjung10,CWFVMK
탑클래스,topclass,5EVO00
디에이블학원,theable,0X9AEV
홍인학원,Hi-sky-hongin,NYNUWV
바른학원,js9121,S06P4A
퍼스트수학,first221212,L11G5Z
김민정수학학원,minjung5651,NINNWY
스피아영어학원,alstjr7176,KXYTSB
수준수학,seakun2,3B7DNU
굿쌤영어,mviewe,HPLKR1
마이엠수학,mym263,7T6UMJ
한림수학학원,gimme67,96CFE8
DK수학과학학원,dkmath79,JK8JC9
김세은 영어학원,yamy00,179B94
153수학과학학원,eunjuvoice,CZ9RMM
이화제니학원,ewhajennie,VR8AQW
탑수학학원,topmath2000,H7GBYE
카이노스학원,my1011,TLWDSS
그리날다,grinalda,HXQ39C
차오름수학전문학원,chaoreum25,7895B7
최샘1등급 국어 진로 진학전문학원,sgi120,IPN97L
알찬교육학원,shdusdnd,AE2C9F
오창비상아이비츠,vs0000,KRDE9Z
삽교고등학교,osy0918,I1BNNX
엠베스트 하동,saphire7,HB9J8I
엠베스트 순천,mbestsesun,P0ZCZE
엠베스트 진주혁신(한림중흥),mikombest,3MYEN7
엠베스트 신진주,mbestse7882,3469XO
김성곤 국어학원,gumikorean,K4FPZ0
엠베스트 밀양,ajm1028,VBVH2F
리드인 독서중심국어학원 (대구 동구),je1924,LLL5BC
이동철아카데미,dcsam6551,7X7WBH
인수학학원,inmath,JSD7FW
포스수학학원,miracleksw,6DF624
리딩맵,lune0160,1TZ6HJ
감성수학 영통센터,rightmath3x100,3N6RVJ
공부의철인 거제,superhuman3355,50SXOI
미래인재센터,miraejoa,2BR0V8
양쌤영어학원,didalsgml,CPNBD0
영웅수학학원,heromath,5BIDO9
고덕 SM수학학원,kbaby32,B27E2C
글로리 영어학원,type832,Q9MIAL
친절한수학과학학원,arimpat2358,EKXEAI
임쌤영어학원,yimssam,8E23EF
운양에듀인,teachyoon,BAC077
프리영재영어수학학원,prettypup92,6TPV95
유승이국어학원,joy97,DC9XBA
조정민부부수학전문학원,ijangbabo,CD2L5S
정샘국어학원,eunzooya,DPHM64
트이다영어수학학원,t_eda,CDTFSE
매쓰플랜수학,mathplan,0L065W
독공바른학습관,scerob,9X3QZE
제로미수학,ttingtting,6065D4
사고력수학 시매쓰 하남센터학원,goldfish02,9KTDJV
다짐수학학원,dajim,YUN2T0
뉴스카이엠베스트,soyoung1983,3Q0XKB
제이에스 어학원,jsenglish,FN75XR
써밋독학재수학원,summit240,1SSBNE
에스시스카이영수학원,sc.sky1173,SSE9I3
민들레영어스쿨,feet7905,8X2RNK
청명학원,net2bio,55CQRX
엠베스트 양산,sunny655,JJEM2D
도청제일수학,bestari,7C76CF
마테시스 수학학원,mathesis11,QXFHGK
더올림입시학원,더올림입시1,C3ITDF
더올림입시학원,더올림입시2,EFBRVF
대치투에스학원,ssedu_academy,NQX6GD
박현영영어수학학원,calvinp,2C0316
입시코드학원,codeaca,OSKXLI
심공수학과학,mathtalk3135,VGWOB3
비오비학원(구미),jhjh71,W07COQ
수학의힘,kichansss,PYMY0Q
꿀팁탐구수학학원,honeytip,4FEDF4
의치한약수 수학학원,macac,CZAYXC
위드학원,rkdwlgp666,B6EDD3
위드학원,ememem,UYJYWR
현 수학,05-Oct,AN03Y4
버크앤리입시학원,burkeandlee,D07CCA
이찬혁수학전문학원,b612lch,C43095
몬스터수학학원,monstermath,B6E646
열린학원,d0lman74,Q4ILPI
범어하늘교육알바트로스학원,goosy830,F5JR1W
쎈수학러닝센터 침산학원,bluetub,IERIPO
다온학원,wkdb2004,W0NAFN
화정재스민영어교습소,jasenglish9,TCKI38
화정재스민영어교습소,jasenglish9,X90YFU
솔앤제이영어학원,solenglish,Y21FLH
